Outburst;
Siedler von Catan;
Siedler von Catan - Städte und Ritter ;
Siedler von Catan - Die Seefahrer;
Rajas of the Ganges;
The Game of Life: Twists & Turns;
Risk Game of Thrones;
7 Wonders;
Mysterium;
Pandemie;
Die Abenteuer des Robin Hood;
Robinson Crusoe;
Time Stories;
Dominion;
Dominion Renaissance;
Die Legenden von Andor;
Die Legenden von Andor Reise in den Norden;
Through the Ages ;
Risk;
Cluedo;
Schach;
Backgammon;
Fantastische Reiche;
Port Royal;
Die Crew;
Der Kartograph;
Blitzdings;
Game of Quotes;
Machi Koro;
Codenames;
Love Letter;
Just One;
Wizard;
Portale von Molthar;
Blackstories;
Werwölfe Vollmondnacht;
Quixx;
Bonanza;
Skullking;
Echoes das Audio Mysterie Spiel Der Cocktail;
Schummelhummel;
The Mind Extreme;
Blackstories Strange World;
Vier gewinnt;
Werwölfe;
Jenga;
Kniffel;
Siedler von Catan Kartenspiel;
King of Tokyo;
Azul;
Azul Sintra;
Monopoly;
Fitzek Safehouse;
Spielesammlung;
Das Duell um die Geld;
7 Wonders Duel;
Carcassonne;
Mikro Makro;
Mikro Makro Fullhouse;
Nobody is Perfect;